<Gauge version="3" x="4.488463" y="227.1532" readOnly="False" width="208.87" height="208.87" transparency="1" rotation="0" thumbnailBackgroundTransparency="1" thumbnailBackgroundRed="135" thumbnailBackgroundGreen="206" thumbnailBackgroundBlue="235">
  <Components>
    <DynamicText x="58.99089" y="93.84917" displayType="Decimal" decimalPrecision="2" showPlus="False" restrictRange="False" restrictedMinValue="-3.40282346638529E+38" restrictedMaxValue="3.40282346638529E+38" convertFromGMT="True" fontRectWidth="79.55801" fontRectHeight="26.81404" fontFace="Courier New" fontSize="10.72562" fontBold="False" fontItalic="False" fontUnderline="False" fontDirection="horizontal" fontAlign="right" fontVAlign="center" fontTransparency="1" fontRed="255" fontGreen="255" fontBlue="255">
      <Inputs>
        <Input name="Value">Fuel Laps Remaining</Input>
      </Inputs>
    </DynamicText>
    <DynamicText x="111.7838" y="144.4202" displayType="Decimal" decimalPrecision="0" showPlus="False" restrictRange="False" restrictedMinValue="-3.40282346638529E+38" restrictedMaxValue="3.40282346638529E+38" convertFromGMT="True" fontRectWidth="104.7632" fontRectHeight="39.77903" fontFace="Courier New" fontSize="27.8866" fontBold="False" fontItalic="False" fontUnderline="False" fontDirection="horizontal" fontAlign="left" fontVAlign="center" fontTransparency="1" fontRed="255" fontGreen="255" fontBlue="255">
      <Inputs>
        <Input name="Value">Engine RPM</Input>
      </Inputs>
    </DynamicText>
    <Text x="123.529" y="175.4479" text="A" fontRectWidth="53.18605" fontRectHeight="23.86741" fontFace="Courier New" fontSize="10.72562" fontBold="False" fontItalic="False" fontUnderline="False" fontDirection="horizontal" fontAlign="left" fontVAlign="center" fontTransparency="1" fontRed="255" fontGreen="255" fontBlue="255" />
    <AnimatedArc x="104.435" y="104.435" radius="88.58367" loop="False" syncValueRangeWithParent="False" syncAngleRangeWithParent="False" autoMinValue="False" restrictMinValue="False" lowestMinValue="0" highestMinValue="100" minValue="0" autoMaxValue="True" restrictMaxValue="True" lowestMaxValue="7" highestMaxValue="1000000" maxValue="45" minAngle="-270" maxAngle="15" penWidth="4.773483" transparency="0.7294118" red="2" green="149" blue="213">
      <Components>
        <AnalogFace x="-1.525879E-05" y="-3.051758E-05" arcRadius="94.52878" labelOffset="25.45858" syncValueRangeWithParent="True" syncAngleRangeWithParent="True" autoMinValue="False" restrictMinValue="False" lowestMinValue="0" highestMinValue="100" minValue="0" autoMaxValue="False" restrictMaxValue="False" lowestMaxValue="10" highestMaxValue="1000000" maxValue="45" minAngle="-270" maxAngle="15" arcPenWidth="0.7955801" arcTransparency="0" arcRed="255" arcGreen="255" arcBlue="255" minorTickUnit="5" minorTickLength="4.773483" minorTickPenWidth="0.7955801" minorTickTransparency="0" minorTickRed="255" minorTickGreen="255" minorTickBlue="255" majorTickUnit="20" majorTickLength="7.955801" majorTickPenWidth="2.38674" majorTickTransparency="1" majorTickRed="255" majorTickGreen="255" majorTickBlue="255" fontFace="FILE://proximanova-extrabold.ttf" fontSize="7.955801" fontBold="False" fontItalic="False" fontUnderline="False" fontDirection="horizontal" fontAlign="center" fontVAlign="center" fontTransparency="1" fontRed="255" fontGreen="255" fontBlue="255">
          <Components>
            <AnalogFace x="-7.629395E-06" y="2.288818E-05" arcRadius="91.49177" labelOffset="25.45858" syncValueRangeWithParent="True" syncAngleRangeWithParent="True" autoMinValue="False" restrictMinValue="False" lowestMinValue="0" highestMinValue="100" minValue="0" autoMaxValue="False" restrictMaxValue="False" lowestMaxValue="10" highestMaxValue="1000000" maxValue="45" minAngle="-270" maxAngle="15" arcPenWidth="0.7955801" arcTransparency="0" arcRed="255" arcGreen="255" arcBlue="255" minorTickUnit="5" minorTickLength="4.773483" minorTickPenWidth="0.7955801" minorTickTransparency="1" minorTickRed="255" minorTickGreen="255" minorTickBlue="255" majorTickUnit="20" majorTickLength="7.955801" majorTickPenWidth="2.38674" majorTickTransparency="0" majorTickRed="255" majorTickGreen="255" majorTickBlue="255" fontFace="FILE://proximanova-extrabold.ttf" fontSize="7.955801" fontBold="False" fontItalic="False" fontUnderline="False" fontDirection="horizontal" fontAlign="center" fontVAlign="center" fontTransparency="0" fontRed="255" fontGreen="255" fontBlue="255">
              <Components>
                <ImageNeedle x="7.629395E-06" y="-4.577637E-05" transparency="1" width="22.58054" height="22.58054" src="dot_shadow.png" axisX="-77.52652" axisY="11.29027" loop="False" syncValueRangeWithParent="True" syncAngleRangeWithParent="True" autoMinValue="False" restrictMinValue="False" lowestMinValue="0" highestMinValue="100" minValue="0" autoMaxValue="False" restrictMaxValue="False" lowestMaxValue="10" highestMaxValue="1000000" maxValue="45" minAngle="-270" maxAngle="15">
                  <Components>
                    <ImageNeedle x="7.629395E-06" y="2.288818E-05" transparency="1" width="13.17198" height="13.17198" src="dot.png" axisX="-81.85448" axisY="6.58599" loop="False" syncValueRangeWithParent="True" syncAngleRangeWithParent="True" autoMinValue="False" restrictMinValue="False" lowestMinValue="0" highestMinValue="100" minValue="0" autoMaxValue="False" restrictMaxValue="False" lowestMaxValue="10" highestMaxValue="1000000" maxValue="45" minAngle="-270" maxAngle="15">
                      <Inputs>
                        <Input name="Value">Engine RPM</Input>
                      </Inputs>
                    </ImageNeedle>
                  </Components>
                  <Inputs>
                    <Input name="Value">Engine RPM</Input>
                  </Inputs>
                </ImageNeedle>
                <ImageNeedle x="2.288818E-05" y="-7.629395E-06" transparency="1" width="13.17198" height="13.17198" src="dot.png" axisX="-81.85448" axisY="6.58599" loop="False" syncValueRangeWithParent="True" syncAngleRangeWithParent="True" autoMinValue="False" restrictMinValue="False" lowestMinValue="0" highestMinValue="100" minValue="0" autoMaxValue="False" restrictMaxValue="False" lowestMaxValue="10" highestMaxValue="1000000" maxValue="45" minAngle="-270" maxAngle="15">
                  <Inputs>
                    <Input name="Value">Engine RPM</Input>
                  </Inputs>
                </ImageNeedle>
              </Components>
              <Inputs>
                <Input name="Value">Engine RPM</Input>
              </Inputs>
            </AnalogFace>
          </Components>
          <Inputs>
            <Input name="Value">Engine RPM</Input>
          </Inputs>
        </AnalogFace>
      </Components>
      <Inputs>
        <Input name="Value">Engine RPM</Input>
      </Inputs>
    </AnimatedArc>
    <Needle x="107.2562" y="107.2562" length="80.44212" offset="42.90247" loop="False" syncValueRangeWithParent="False" syncAngleRangeWithParent="False" autoMinValue="False" restrictMinValue="False" lowestMinValue="0" highestMinValue="100" minValue="0" autoMaxValue="True" restrictMaxValue="True" lowestMaxValue="7" highestMaxValue="1000000" maxValue="100" minAngle="-270" maxAngle="15" penWidth="2.145123" transparency="0.6039216" red="231" green="11" blue="11">
      <Inputs>
        <Input name="Value">Fuel Laps Remaining</Input>
      </Inputs>
    </Needle>
    <Text x="136.7516" y="100.2845" text="A" fontRectWidth="35.66754" fontRectHeight="16.00195" fontFace="Courier New" fontSize="6.973957" fontBold="False" fontItalic="False" fontUnderline="False" fontDirection="horizontal" fontAlign="left" fontVAlign="center" fontTransparency="1" fontRed="255" fontGreen="255" fontBlue="255" />
    <Text x="50.4104" y="100.2845" text="Max." fontRectWidth="35.66754" fontRectHeight="16.00195" fontFace="Courier New" fontSize="6.973957" fontBold="False" fontItalic="False" fontUnderline="False" fontDirection="horizontal" fontAlign="left" fontVAlign="center" fontTransparency="1" fontRed="255" fontGreen="255" fontBlue="255" />
  </Components>
  <Inputs>
    <Input category="Engine, Transmission" name="Engine RPM" fromFastestLapSamePos="False">Engine RPM</Input>
    <Input category="Engine, Transmission" name="Fuel Laps Remaining" fromFastestLapSamePos="False">Fuel Laps Remaining</Input>
  </Inputs>
</Gauge>