<Gauge version="3" x="0" y="0" readOnly="False" width="408.606" height="326.8847" transparency="1" rotation="0" thumbnailBackgroundTransparency="1" thumbnailBackgroundRed="135" thumbnailBackgroundGreen="206" thumbnailBackgroundBlue="235">
  <Components>
    <Map x="0" y="0" width="408.606" height="326.8847" align="Left" vAlign="Top" EvenPenWidth="1" EvenTransparency="1" EvenRed="2" EvenGreen="149" EvenBlue="213" OddPenWidth="2" OddTransparency="1" OddRed="2" OddGreen="149" OddBlue="213">
      <Components>
        <MapPositionImage x="0" y="3.596313" transparency="1" width="43.04679" height="43.04679" src="dot_shadow.png">
          <Inputs>
            <Input name="X">X</Input>
            <Input name="Y">Y</Input>
            <Input name="Heading">Heading</Input>
          </Inputs>
        </MapPositionImage>
        <MapPositionImage x="0" y="0" transparency="1" width="25.17388" height="25.17388" src="dot.png">
          <Inputs>
            <Input name="X">X</Input>
            <Input name="Y">Y</Input>
            <Input name="Heading">Heading</Input>
          </Inputs>
        </MapPositionImage>
      </Components>
      <Inputs>
        <Input name="X">X</Input>
        <Input name="Y">Y</Input>
      </Inputs>
    </Map>
  </Components>
  <Inputs>
    <Input category="Positional" name="Longitude / X Position (Feet)" fromFastestLapSamePos="False">X</Input>
    <Input category="Positional" name="Latitude / Y Position (Feet)" fromFastestLapSamePos="False">Y</Input>
    <Input category="Positional" name="Heading" fromFastestLapSamePos="False">Heading</Input>
  </Inputs>
</Gauge>