<Gauge version="3" x="4.648443" y="435.8306" readOnly="False" width="210.2553" height="210.2553" transparency="1" rotation="0" thumbnailBackgroundTransparency="1" thumbnailBackgroundRed="135" thumbnailBackgroundGreen="206" thumbnailBackgroundBlue="235">
  <Components>
    <DynamicText x="59.38215" y="94.47162" displayType="Decimal" decimalPrecision="2" showPlus="False" restrictRange="False" restrictedMinValue="-3.40282346638529E+38" restrictedMaxValue="3.40282346638529E+38" convertFromGMT="True" fontRectWidth="80.08566" fontRectHeight="26.99188" fontFace="Courier New" fontSize="10.79676" fontBold="False" fontItalic="False" fontUnderline="False" fontDirection="horizontal" fontAlign="right" fontVAlign="center" fontTransparency="1" fontRed="255" fontGreen="255" fontBlue="255">
      <Inputs>
        <Input name="Value">Engine Load</Input>
      </Inputs>
    </DynamicText>
    <DynamicText x="112.5252" y="145.3781" displayType="Decimal" decimalPrecision="0" showPlus="False" restrictRange="False" restrictedMinValue="-3.40282346638529E+38" restrictedMaxValue="3.40282346638529E+38" convertFromGMT="True" fontRectWidth="105.4581" fontRectHeight="40.04285" fontFace="Courier New" fontSize="28.07155" fontBold="False" fontItalic="False" fontUnderline="False" fontDirection="horizontal" fontAlign="left" fontVAlign="center" fontTransparency="1" fontRed="255" fontGreen="255" fontBlue="255">
      <Inputs>
        <Input name="Value">Horsepower</Input>
      </Inputs>
    </DynamicText>
    <Text x="124.3482" y="176.6115" text="VA" fontRectWidth="53.5388" fontRectHeight="24.0257" fontFace="Courier New" fontSize="10.79676" fontBold="False" fontItalic="False" fontUnderline="False" fontDirection="horizontal" fontAlign="left" fontVAlign="center" fontTransparency="1" fontRed="255" fontGreen="255" fontBlue="255" />
    <AnimatedArc x="105.1277" y="105.1276" radius="89.1712" loop="False" syncValueRangeWithParent="False" syncAngleRangeWithParent="False" autoMinValue="False" restrictMinValue="False" lowestMinValue="0" highestMinValue="100" minValue="0" autoMaxValue="True" restrictMaxValue="True" lowestMaxValue="7" highestMaxValue="1000000" maxValue="45" minAngle="-270" maxAngle="15" penWidth="4.805141" transparency="0.7294118" red="2" green="149" blue="213">
      <Components>
        <AnalogFace x="7.629395E-06" y="2.288818E-05" arcRadius="95.15574" labelOffset="25.62743" syncValueRangeWithParent="True" syncAngleRangeWithParent="True" autoMinValue="False" restrictMinValue="False" lowestMinValue="0" highestMinValue="100" minValue="0" autoMaxValue="False" restrictMaxValue="False" lowestMaxValue="10" highestMaxValue="1000000" maxValue="45" minAngle="-270" maxAngle="15" arcPenWidth="0.8008566" arcTransparency="0" arcRed="255" arcGreen="255" arcBlue="255" minorTickUnit="100" minorTickLength="4.805141" minorTickPenWidth="0.8008566" minorTickTransparency="0" minorTickRed="255" minorTickGreen="255" minorTickBlue="255" majorTickUnit="500" majorTickLength="8.008567" majorTickPenWidth="2.40257" majorTickTransparency="1" majorTickRed="255" majorTickGreen="255" majorTickBlue="255" fontFace="FILE://proximanova-extrabold.ttf" fontSize="8.008567" fontBold="False" fontItalic="False" fontUnderline="False" fontDirection="horizontal" fontAlign="center" fontVAlign="center" fontTransparency="1" fontRed="255" fontGreen="255" fontBlue="255">
          <Components>
            <AnalogFace x="-1.525879E-05" y="-4.577637E-05" arcRadius="92.0986" labelOffset="25.62743" syncValueRangeWithParent="True" syncAngleRangeWithParent="True" autoMinValue="False" restrictMinValue="False" lowestMinValue="0" highestMinValue="100" minValue="0" autoMaxValue="False" restrictMaxValue="False" lowestMaxValue="10" highestMaxValue="1000000" maxValue="45" minAngle="-270" maxAngle="15" arcPenWidth="0.8008566" arcTransparency="0" arcRed="255" arcGreen="255" arcBlue="255" minorTickUnit="100" minorTickLength="4.805141" minorTickPenWidth="0.8008566" minorTickTransparency="1" minorTickRed="255" minorTickGreen="255" minorTickBlue="255" majorTickUnit="500" majorTickLength="8.008567" majorTickPenWidth="2.40257" majorTickTransparency="0" majorTickRed="255" majorTickGreen="255" majorTickBlue="255" fontFace="FILE://proximanova-extrabold.ttf" fontSize="8.008567" fontBold="False" fontItalic="False" fontUnderline="False" fontDirection="horizontal" fontAlign="center" fontVAlign="center" fontTransparency="0" fontRed="255" fontGreen="255" fontBlue="255">
              <Components>
                <ImageNeedle x="1.525879E-05" y="7.629395E-06" transparency="1" width="22.7303" height="22.7303" src="dot_shadow.png" axisX="-78.04071" axisY="11.36516" loop="False" syncValueRangeWithParent="True" syncAngleRangeWithParent="True" autoMinValue="False" restrictMinValue="False" lowestMinValue="0" highestMinValue="100" minValue="0" autoMaxValue="False" restrictMaxValue="False" lowestMaxValue="10" highestMaxValue="1000000" maxValue="45" minAngle="-270" maxAngle="15">
                  <Components>
                    <ImageNeedle x="-7.629395E-06" y="-7.629395E-06" transparency="1" width="13.25934" height="13.25934" src="dot.png" axisX="-82.39736" axisY="6.62967" loop="False" syncValueRangeWithParent="True" syncAngleRangeWithParent="True" autoMinValue="False" restrictMinValue="False" lowestMinValue="0" highestMinValue="100" minValue="0" autoMaxValue="False" restrictMaxValue="False" lowestMaxValue="10" highestMaxValue="1000000" maxValue="45" minAngle="-270" maxAngle="15">
                      <Inputs>
                        <Input name="Value">Horsepower</Input>
                      </Inputs>
                    </ImageNeedle>
                  </Components>
                  <Inputs>
                    <Input name="Value">Horsepower</Input>
                  </Inputs>
                </ImageNeedle>
                <ImageNeedle x="7.629395E-06" y="-7.629395E-06" transparency="1" width="13.25934" height="13.25934" src="dot.png" axisX="-82.39736" axisY="6.62967" loop="False" syncValueRangeWithParent="True" syncAngleRangeWithParent="True" autoMinValue="False" restrictMinValue="False" lowestMinValue="0" highestMinValue="100" minValue="0" autoMaxValue="False" restrictMaxValue="False" lowestMaxValue="10" highestMaxValue="1000000" maxValue="45" minAngle="-270" maxAngle="15">
                  <Inputs>
                    <Input name="Value">Horsepower</Input>
                  </Inputs>
                </ImageNeedle>
              </Components>
              <Inputs>
                <Input name="Value">Horsepower</Input>
              </Inputs>
            </AnalogFace>
          </Components>
          <Inputs>
            <Input name="Value">Horsepower</Input>
          </Inputs>
        </AnalogFace>
      </Components>
      <Inputs>
        <Input name="Value">Horsepower</Input>
      </Inputs>
    </AnimatedArc>
    <Needle x="107.9676" y="107.9675" length="80.97565" offset="43.18701" loop="False" syncValueRangeWithParent="False" syncAngleRangeWithParent="False" autoMinValue="False" restrictMinValue="False" lowestMinValue="0" highestMinValue="100" minValue="0" autoMaxValue="True" restrictMaxValue="True" lowestMaxValue="7" highestMaxValue="1000000" maxValue="100" minAngle="-270" maxAngle="15" penWidth="2.15935" transparency="0.6039216" red="231" green="11" blue="11">
      <Inputs>
        <Input name="Value">Engine Load</Input>
      </Inputs>
    </Needle>
    <Text x="137.6585" y="100.9496" text="VA" fontRectWidth="35.90409" fontRectHeight="16.10808" fontFace="Courier New" fontSize="7.020211" fontBold="False" fontItalic="False" fontUnderline="False" fontDirection="horizontal" fontAlign="left" fontVAlign="center" fontTransparency="1" fontRed="255" fontGreen="255" fontBlue="255" />
    <Text x="50.74474" y="100.9496" text="Max." fontRectWidth="35.90409" fontRectHeight="16.10808" fontFace="Courier New" fontSize="7.020211" fontBold="False" fontItalic="False" fontUnderline="False" fontDirection="horizontal" fontAlign="left" fontVAlign="center" fontTransparency="1" fontRed="255" fontGreen="255" fontBlue="255" />
  </Components>
  <Inputs>
    <Input category="Engine, Transmission" name="Horsepower" fromFastestLapSamePos="False">Horsepower</Input>
    <Input category="Engine, Transmission" name="Engine Load" fromFastestLapSamePos="False">Engine Load</Input>
  </Inputs>
</Gauge>