<Gauge version="3" x="0" y="0" readOnly="False" width="114" height="114" transparency="1" rotation="0" thumbnailBackgroundTransparency="1" thumbnailBackgroundRed="135" thumbnailBackgroundGreen="206" thumbnailBackgroundBlue="235">
  <Components>
    <FilledRectangle x="0" y="0" width="117" height="117" roundCorners="False" cornerRadius="9.4" transparency="0.509804" red="255" green="255" blue="255" />
    <GPlot x="57" y="57" radius="57" maxG="100" flipXAxis="False" flipYAxis="True" minorUnit="0.5" majorUnit="1" ballRadius="5" showTail="True" tailDuration="1" tailStartRadius="5" tailEndRadius="1" axesPenWidth="1" axesTransparency="0" axesRed="0" axesGreen="0" axesBlue="0" minorPenWidth="1" minorTransparency="0" minorRed="1" minorGreen="1" minorBlue="1" majorPenWidth="1" majorTransparency="0" majorRed="0" majorGreen="0" majorBlue="0" stickPenWidth="1" stickTransparency="1" stickRed="255" stickGreen="121" stickBlue="0" ballTransparency="1" ballRed="245" ballGreen="9" ballBlue="9" tailStartTransparency="1" tailStartRed="255" tailStartGreen="255" tailStartBlue="0" tailEndTransparency="0.3921569" tailEndRed="139" tailEndGreen="0" tailEndBlue="0" fontFace="Kalinga" fontSize="10" fontBold="True" fontItalic="False" fontUnderline="False" fontDirection="horizontal" fontAlign="center" fontVAlign="center" fontTransparency="0" fontRed="228" fontGreen="228" fontBlue="228">
      <Inputs>
        <Input name="Lateral G">Lateral / X Gs</Input>
        <Input name="Acceleration G">Acceleration / Y Gs</Input>
      </Inputs>
    </GPlot>
  </Components>
  <Inputs>
    <Input category="Steering, Throttle, Brakes" name="Brake Position" fromFastestLapSamePos="False">Lateral / X Gs</Input>
    <Input category="Steering, Throttle, Brakes" name="Throttle Position" fromFastestLapSamePos="False">Acceleration / Y Gs</Input>
  </Inputs>
</Gauge>