<Gauge version="3" x="9.617893" y="843.5995" readOnly="False" width="218.0888" height="218.0888" transparency="1" rotation="0" thumbnailBackgroundTransparency="1" thumbnailBackgroundRed="135" thumbnailBackgroundGreen="206" thumbnailBackgroundBlue="235">
  <Components>
    <DynamicText x="61.59452" y="97.99127" displayType="Decimal" decimalPrecision="2" showPlus="False" restrictRange="False" restrictedMinValue="-3.40282346638529E+38" restrictedMaxValue="3.40282346638529E+38" convertFromGMT="True" fontRectWidth="83.06937" fontRectHeight="27.99751" fontFace="Courier New" fontSize="11.199" fontBold="False" fontItalic="False" fontUnderline="False" fontDirection="horizontal" fontAlign="right" fontVAlign="center" fontTransparency="1" fontRed="255" fontGreen="255" fontBlue="255">
      <Inputs>
        <Input name="Value">Speed Lap Max (KPH)</Input>
      </Inputs>
    </DynamicText>
    <DynamicText x="123.9968" y="150.7945" displayType="Integer" decimalPrecision="2" showPlus="False" restrictRange="False" restrictedMinValue="-3.40282346638529E+38" restrictedMaxValue="3.40282346638529E+38" convertFromGMT="True" fontRectWidth="91.46869" fontRectHeight="41.53473" fontFace="Courier New" fontSize="29.11741" fontBold="False" fontItalic="False" fontUnderline="False" fontDirection="horizontal" fontAlign="left" fontVAlign="center" fontTransparency="1" fontRed="255" fontGreen="255" fontBlue="255">
      <Inputs>
        <Input name="Value">Speed (KPH)</Input>
      </Inputs>
    </DynamicText>
    <Text x="128.9811" y="183.1913" text="KM/H" fontRectWidth="55.53349" fontRectHeight="24.92082" fontFace="Courier New" fontSize="11.199" fontBold="False" fontItalic="False" fontUnderline="False" fontDirection="horizontal" fontAlign="left" fontVAlign="center" fontTransparency="1" fontRed="255" fontGreen="255" fontBlue="255" />
    <AnimatedArc x="109.0444" y="109.0443" radius="92.49341" loop="False" syncValueRangeWithParent="False" syncAngleRangeWithParent="False" autoMinValue="False" restrictMinValue="False" lowestMinValue="0" highestMinValue="100" minValue="0" autoMaxValue="True" restrictMaxValue="True" lowestMaxValue="10" highestMaxValue="1000000" maxValue="45" minAngle="-270" maxAngle="15" penWidth="4.984167" transparency="0.7294118" red="2" green="149" blue="213">
      <Components>
        <AnalogFace x="7.629395E-06" y="-3.814697E-05" arcRadius="98.70089" labelOffset="26.58223" syncValueRangeWithParent="True" syncAngleRangeWithParent="True" autoMinValue="False" restrictMinValue="False" lowestMinValue="0" highestMinValue="100" minValue="0" autoMaxValue="False" restrictMaxValue="False" lowestMaxValue="10" highestMaxValue="1000000" maxValue="45" minAngle="-270" maxAngle="15" arcPenWidth="0.8306937" arcTransparency="0" arcRed="255" arcGreen="255" arcBlue="255" minorTickUnit="5" minorTickLength="4.984167" minorTickPenWidth="0.8306937" minorTickTransparency="0" minorTickRed="255" minorTickGreen="255" minorTickBlue="255" majorTickUnit="20" majorTickLength="8.306944" majorTickPenWidth="2.492082" majorTickTransparency="1" majorTickRed="255" majorTickGreen="255" majorTickBlue="255" fontFace="FILE://proximanova-extrabold.ttf" fontSize="8.306944" fontBold="False" fontItalic="False" fontUnderline="False" fontDirection="horizontal" fontAlign="center" fontVAlign="center" fontTransparency="1" fontRed="255" fontGreen="255" fontBlue="255">
          <Components>
            <AnalogFace x="-1.525879E-05" y="6.103516E-05" arcRadius="95.5299" labelOffset="26.58223" syncValueRangeWithParent="True" syncAngleRangeWithParent="True" autoMinValue="False" restrictMinValue="False" lowestMinValue="0" highestMinValue="100" minValue="0" autoMaxValue="False" restrictMaxValue="False" lowestMaxValue="10" highestMaxValue="1000000" maxValue="45" minAngle="-270" maxAngle="15" arcPenWidth="0.8306937" arcTransparency="0" arcRed="255" arcGreen="255" arcBlue="255" minorTickUnit="5" minorTickLength="4.984167" minorTickPenWidth="0.8306937" minorTickTransparency="1" minorTickRed="255" minorTickGreen="255" minorTickBlue="255" majorTickUnit="20" majorTickLength="8.306944" majorTickPenWidth="2.492082" majorTickTransparency="0" majorTickRed="255" majorTickGreen="255" majorTickBlue="255" fontFace="FILE://proximanova-extrabold.ttf" fontSize="8.306944" fontBold="False" fontItalic="False" fontUnderline="False" fontDirection="horizontal" fontAlign="center" fontVAlign="center" fontTransparency="0" fontRed="255" fontGreen="255" fontBlue="255">
              <Components>
                <ImageNeedle x="0" y="3.051758E-05" transparency="1" width="23.57716" height="23.57716" src="dot_shadow.png" axisX="-80.94827" axisY="11.78859" loop="False" syncValueRangeWithParent="True" syncAngleRangeWithParent="True" autoMinValue="False" restrictMinValue="False" lowestMinValue="0" highestMinValue="100" minValue="0" autoMaxValue="False" restrictMaxValue="False" lowestMaxValue="10" highestMaxValue="1000000" maxValue="45" minAngle="-270" maxAngle="15">
                  <Components>
                    <ImageNeedle x="0" y="3.051758E-05" transparency="1" width="13.75334" height="13.75334" src="dot.png" axisX="-85.46722" axisY="6.876671" loop="False" syncValueRangeWithParent="True" syncAngleRangeWithParent="True" autoMinValue="False" restrictMinValue="False" lowestMinValue="0" highestMinValue="100" minValue="0" autoMaxValue="False" restrictMaxValue="False" lowestMaxValue="10" highestMaxValue="1000000" maxValue="45" minAngle="-270" maxAngle="15">
                      <Inputs>
                        <Input name="Value">Speed (KPH)</Input>
                      </Inputs>
                    </ImageNeedle>
                  </Components>
                  <Inputs>
                    <Input name="Value">Speed (KPH)</Input>
                  </Inputs>
                </ImageNeedle>
                <ImageNeedle x="0" y="3.051758E-05" transparency="1" width="13.75334" height="13.75334" src="dot.png" axisX="-85.46722" axisY="6.876671" loop="False" syncValueRangeWithParent="True" syncAngleRangeWithParent="True" autoMinValue="False" restrictMinValue="False" lowestMinValue="0" highestMinValue="100" minValue="0" autoMaxValue="False" restrictMaxValue="False" lowestMaxValue="10" highestMaxValue="1000000" maxValue="45" minAngle="-270" maxAngle="15">
                  <Inputs>
                    <Input name="Value">Speed (KPH)</Input>
                  </Inputs>
                </ImageNeedle>
              </Components>
              <Inputs>
                <Input name="Value">Speed (KPH)</Input>
              </Inputs>
            </AnalogFace>
          </Components>
          <Inputs>
            <Input name="Value">Speed (KPH)</Input>
          </Inputs>
        </AnalogFace>
      </Components>
      <Inputs>
        <Input name="Value">Speed (KPH)</Input>
      </Inputs>
    </AnimatedArc>
    <Needle x="111.99" y="111.99" length="83.99251" offset="44.79602" loop="False" syncValueRangeWithParent="False" syncAngleRangeWithParent="False" autoMinValue="False" restrictMinValue="False" lowestMinValue="0" highestMinValue="100" minValue="0" autoMaxValue="True" restrictMaxValue="True" lowestMaxValue="10" highestMaxValue="1000000" maxValue="100" minAngle="-270" maxAngle="15" penWidth="2.239801" transparency="0.6039216" red="231" green="11" blue="11">
      <Inputs>
        <Input name="Value">Speed Lap Max (KPH)</Input>
      </Inputs>
    </Needle>
    <Text x="142.7873" y="104.7107" text="KM/H" fontRectWidth="37.24178" fontRectHeight="16.70822" fontFace="Courier New" fontSize="7.281761" fontBold="False" fontItalic="False" fontUnderline="False" fontDirection="horizontal" fontAlign="left" fontVAlign="center" fontTransparency="1" fontRed="255" fontGreen="255" fontBlue="255" />
    <Text x="57.67488" y="104.7107" text="Max." fontRectWidth="37.24178" fontRectHeight="16.70822" fontFace="Courier New" fontSize="7.281761" fontBold="False" fontItalic="False" fontUnderline="False" fontDirection="horizontal" fontAlign="left" fontVAlign="center" fontTransparency="1" fontRed="255" fontGreen="255" fontBlue="255" />
  </Components>
  <Inputs>
    <Input category="Velocity" name="Speed (KPH)" fromFastestLapSamePos="False">Speed (KPH)</Input>
    <Input category="Positional" name="Heading" fromFastestLapSamePos="False">Heading</Input>
    <Input category="Velocity" name="Speed Lap Max (KPH)" fromFastestLapSamePos="False">Speed Lap Max (KPH)</Input>
  </Inputs>
</Gauge>