<Gauge version="3" x="1195.477" y="-7.892542" readOnly="False" width="228.192" height="493.6079" transparency="1" rotation="0" thumbnailBackgroundTransparency="1" thumbnailBackgroundRed="0" thumbnailBackgroundGreen="0" thumbnailBackgroundBlue="0">
  <Components>
    <Text x="26.13647" y="13.91441" text="Distance Home" fontRectWidth="150.7877" fontRectHeight="25.13128" fontFace="Courier New" fontSize="12.06301" fontBold="False" fontItalic="False" fontUnderline="False" fontDirection="horizontal" fontAlign="left" fontVAlign="center" fontTransparency="1" fontRed="255" fontGreen="255" fontBlue="255" />
    <DynamicText x="6.031494" y="29.57963" displayType="Decimal" decimalPrecision="1" showPlus="False" restrictRange="False" restrictedMinValue="-3.40282346638529E+38" restrictedMaxValue="3.40282346638529E+38" convertFromGMT="True" fontRectWidth="180.9452" fontRectHeight="38.19954" fontFace="Courier New" fontSize="27.14178" fontBold="False" fontItalic="False" fontUnderline="False" fontDirection="horizontal" fontAlign="right" fontVAlign="center" fontTransparency="1" fontRed="255" fontGreen="255" fontBlue="255">
      <Inputs>
        <Input name="Value">Distance from Beginning (Meters)</Input>
      </Inputs>
    </DynamicText>
    <Text x="185.9716" y="38.62688" text="m" fontRectWidth="50.26256" fontRectHeight="25.13128" fontFace="Courier New" fontSize="12.06301" fontBold="False" fontItalic="False" fontUnderline="False" fontDirection="horizontal" fontAlign="left" fontVAlign="center" fontTransparency="1" fontRed="255" fontGreen="255" fontBlue="255" />
    <DynamicText x="7.036743" y="77.83166" displayType="Decimal" decimalPrecision="1" showPlus="False" restrictRange="False" restrictedMinValue="-3.40282346638529E+38" restrictedMaxValue="3.40282346638529E+38" convertFromGMT="True" fontRectWidth="180.9452" fontRectHeight="38.19954" fontFace="Courier New" fontSize="27.14178" fontBold="False" fontItalic="False" fontUnderline="False" fontDirection="horizontal" fontAlign="right" fontVAlign="center" fontTransparency="1" fontRed="255" fontGreen="255" fontBlue="255">
      <Inputs>
        <Input name="Value">Distance (Meters)</Input>
      </Inputs>
    </DynamicText>
    <Text x="185.9716" y="85.87369" text="m" fontRectWidth="50.26256" fontRectHeight="25.13128" fontFace="Courier New" fontSize="12.06301" fontBold="False" fontItalic="False" fontUnderline="False" fontDirection="horizontal" fontAlign="left" fontVAlign="center" fontTransparency="1" fontRed="255" fontGreen="255" fontBlue="255" />
    <DynamicText x="7.036743" y="127.089" displayType="Decimal" decimalPrecision="2" showPlus="False" restrictRange="False" restrictedMinValue="-3.40282346638529E+38" restrictedMaxValue="3.40282346638529E+38" convertFromGMT="True" fontRectWidth="180.9452" fontRectHeight="38.19954" fontFace="Courier New" fontSize="27.14178" fontBold="False" fontItalic="False" fontUnderline="False" fontDirection="horizontal" fontAlign="right" fontVAlign="center" fontTransparency="1" fontRed="255" fontGreen="255" fontBlue="255">
      <Inputs>
        <Input name="Value">Speed Lap Max (KPH)</Input>
      </Inputs>
    </DynamicText>
    <Text x="26.13647" y="63.60303" text="Distance Traveled" fontRectWidth="180.9452" fontRectHeight="25.13128" fontFace="Courier New" fontSize="12.06301" fontBold="False" fontItalic="False" fontUnderline="False" fontDirection="horizontal" fontAlign="left" fontVAlign="center" fontTransparency="1" fontRed="255" fontGreen="255" fontBlue="255" />
    <Text x="26.13647" y="113.8656" text="Maximum Speed" fontRectWidth="180.9452" fontRectHeight="25.13128" fontFace="Courier New" fontSize="12.06301" fontBold="False" fontItalic="False" fontUnderline="False" fontDirection="horizontal" fontAlign="left" fontVAlign="center" fontTransparency="1" fontRed="255" fontGreen="255" fontBlue="255" />
    <Text x="185.9716" y="136.1363" text="km/h" fontRectWidth="50.26256" fontRectHeight="25.13128" fontFace="Courier New" fontSize="12.06301" fontBold="False" fontItalic="False" fontUnderline="False" fontDirection="horizontal" fontAlign="left" fontVAlign="center" fontTransparency="1" fontRed="255" fontGreen="255" fontBlue="255" />
    <DynamicText x="7.036743" y="177.3515" displayType="Decimal" decimalPrecision="2" showPlus="False" restrictRange="False" restrictedMinValue="-3.40282346638529E+38" restrictedMaxValue="3.40282346638529E+38" convertFromGMT="True" fontRectWidth="180.9452" fontRectHeight="38.19954" fontFace="Courier New" fontSize="27.14178" fontBold="False" fontItalic="False" fontUnderline="False" fontDirection="horizontal" fontAlign="right" fontVAlign="center" fontTransparency="1" fontRed="255" fontGreen="255" fontBlue="255">
      <Inputs>
        <Input name="Value">3D Gs</Input>
      </Inputs>
    </DynamicText>
    <Text x="26.13647" y="162.8632" text="Maximum G-force" fontRectWidth="180.9452" fontRectHeight="25.13128" fontFace="Courier New" fontSize="12.06301" fontBold="False" fontItalic="False" fontUnderline="False" fontDirection="horizontal" fontAlign="left" fontVAlign="center" fontTransparency="1" fontRed="255" fontGreen="255" fontBlue="255" />
    <Text x="185.9716" y="186.3988" text="g" fontRectWidth="50.26256" fontRectHeight="25.13128" fontFace="Courier New" fontSize="12.06301" fontBold="False" fontItalic="False" fontUnderline="False" fontDirection="horizontal" fontAlign="left" fontVAlign="center" fontTransparency="1" fontRed="255" fontGreen="255" fontBlue="255" />
    <DynamicText x="7.036743" y="227.6141" displayType="Decimal" decimalPrecision="0" showPlus="False" restrictRange="False" restrictedMinValue="-3.40282346638529E+38" restrictedMaxValue="3.40282346638529E+38" convertFromGMT="True" fontRectWidth="180.9452" fontRectHeight="38.19954" fontFace="Courier New" fontSize="27.14178" fontBold="False" fontItalic="False" fontUnderline="False" fontDirection="horizontal" fontAlign="right" fontVAlign="center" fontTransparency="1" fontRed="255" fontGreen="255" fontBlue="255">
      <Inputs>
        <Input name="Value">Engine Load</Input>
      </Inputs>
    </DynamicText>
    <Text x="26.13647" y="213.1257" text="Maximum Motor Power" fontRectWidth="196.024" fontRectHeight="25.13128" fontFace="Courier New" fontSize="12.06301" fontBold="False" fontItalic="False" fontUnderline="False" fontDirection="horizontal" fontAlign="left" fontVAlign="center" fontTransparency="1" fontRed="255" fontGreen="255" fontBlue="255" />
    <Text x="185.9716" y="236.6614" text="VA" fontRectWidth="50.26256" fontRectHeight="25.13128" fontFace="Courier New" fontSize="12.06301" fontBold="False" fontItalic="False" fontUnderline="False" fontDirection="horizontal" fontAlign="left" fontVAlign="center" fontTransparency="1" fontRed="255" fontGreen="255" fontBlue="255" />
    <DynamicText x="7.036743" y="277.8767" displayType="Decimal" decimalPrecision="2" showPlus="False" restrictRange="False" restrictedMinValue="-3.40282346638529E+38" restrictedMaxValue="3.40282346638529E+38" convertFromGMT="True" fontRectWidth="180.9452" fontRectHeight="38.19954" fontFace="Courier New" fontSize="27.14178" fontBold="False" fontItalic="False" fontUnderline="False" fontDirection="horizontal" fontAlign="right" fontVAlign="center" fontTransparency="1" fontRed="255" fontGreen="255" fontBlue="255">
      <Inputs>
        <Input name="Value">Engine Oil Pressure (psi)</Input>
      </Inputs>
    </DynamicText>
    <Text x="26.13647" y="261.4908" text="Battery Voltage" fontRectWidth="180.9452" fontRectHeight="25.13128" fontFace="Courier New" fontSize="12.06301" fontBold="False" fontItalic="False" fontUnderline="False" fontDirection="horizontal" fontAlign="left" fontVAlign="center" fontTransparency="1" fontRed="255" fontGreen="255" fontBlue="255" />
    <Text x="185.9716" y="286.924" text="V" fontRectWidth="50.26256" fontRectHeight="25.13128" fontFace="Courier New" fontSize="12.06301" fontBold="False" fontItalic="False" fontUnderline="False" fontDirection="horizontal" fontAlign="left" fontVAlign="center" fontTransparency="1" fontRed="255" fontGreen="255" fontBlue="255" />
    <Text x="26.13647" y="313.0184" text="Min. Battery Voltage" fontRectWidth="206.0765" fontRectHeight="25.13128" fontFace="Courier New" fontSize="12.06301" fontBold="False" fontItalic="False" fontUnderline="False" fontDirection="horizontal" fontAlign="left" fontVAlign="center" fontTransparency="1" fontRed="255" fontGreen="255" fontBlue="255" />
    <DynamicText x="7.036743" y="328.1393" displayType="Decimal" decimalPrecision="2" showPlus="False" restrictRange="False" restrictedMinValue="-3.40282346638529E+38" restrictedMaxValue="3.40282346638529E+38" convertFromGMT="True" fontRectWidth="180.9452" fontRectHeight="38.19954" fontFace="Courier New" fontSize="27.14178" fontBold="False" fontItalic="False" fontUnderline="False" fontDirection="horizontal" fontAlign="right" fontVAlign="center" fontTransparency="1" fontRed="255" fontGreen="255" fontBlue="255">
      <Inputs>
        <Input name="Value">Engine Oil Pressure (kPa)</Input>
      </Inputs>
    </DynamicText>
    <Text x="185.9716" y="337.1866" text="V" fontRectWidth="50.26256" fontRectHeight="25.13128" fontFace="Courier New" fontSize="12.06301" fontBold="False" fontItalic="False" fontUnderline="False" fontDirection="horizontal" fontAlign="left" fontVAlign="center" fontTransparency="1" fontRed="255" fontGreen="255" fontBlue="255" />
    <DynamicText x="7.036743" y="378.4018" displayType="Decimal" decimalPrecision="2" showPlus="False" restrictRange="False" restrictedMinValue="-3.40282346638529E+38" restrictedMaxValue="3.40282346638529E+38" convertFromGMT="True" fontRectWidth="180.9452" fontRectHeight="38.19954" fontFace="Courier New" fontSize="27.14178" fontBold="False" fontItalic="False" fontUnderline="False" fontDirection="horizontal" fontAlign="right" fontVAlign="center" fontTransparency="1" fontRed="255" fontGreen="255" fontBlue="255">
      <Inputs>
        <Input name="Value">Fuel Laps Remaining</Input>
      </Inputs>
    </DynamicText>
    <Text x="185.9716" y="387.449" text="A" fontRectWidth="50.26256" fontRectHeight="25.13128" fontFace="Courier New" fontSize="12.06301" fontBold="False" fontItalic="False" fontUnderline="False" fontDirection="horizontal" fontAlign="left" fontVAlign="center" fontTransparency="1" fontRed="255" fontGreen="255" fontBlue="255" />
    <Text x="26.13647" y="363.2809" text="Maximum Ampere" fontRectWidth="201.0502" fontRectHeight="25.13128" fontFace="Courier New" fontSize="12.06301" fontBold="False" fontItalic="False" fontUnderline="False" fontDirection="horizontal" fontAlign="left" fontVAlign="center" fontTransparency="1" fontRed="255" fontGreen="255" fontBlue="255" />
    <DynamicText x="7.036743" y="416.9827" displayType="Integer" decimalPrecision="2" showPlus="False" restrictRange="False" restrictedMinValue="-3.40282346638529E+38" restrictedMaxValue="3.40282346638529E+38" convertFromGMT="True" fontRectWidth="180.9452" fontRectHeight="38.19954" fontFace="Courier New" fontSize="27.14178" fontBold="False" fontItalic="False" fontUnderline="False" fontDirection="horizontal" fontAlign="right" fontVAlign="center" fontTransparency="1" fontRed="255" fontGreen="255" fontBlue="255">
      <Inputs>
        <Input name="Value">Satellite Count</Input>
      </Inputs>
    </DynamicText>
    <Text x="26.13647" y="419.571" text="Satelites" fontRectWidth="201.0502" fontRectHeight="25.13128" fontFace="Courier New" fontSize="12.06301" fontBold="False" fontItalic="False" fontUnderline="False" fontDirection="horizontal" fontAlign="left" fontVAlign="center" fontTransparency="1" fontRed="255" fontGreen="255" fontBlue="255" />
  </Components>
  <Inputs>
    <Input category="Positional" name="Distance from Beginning (Meters)" fromFastestLapSamePos="False">Distance from Beginning (Meters)</Input>
    <Input category="Positional" name="Distance (Meters)" fromFastestLapSamePos="False">Distance (Meters)</Input>
    <Input category="Velocity" name="Speed Lap Max (KPH)" fromFastestLapSamePos="False">Speed Lap Max (KPH)</Input>
    <Input category="G-Forces" name="3D Gs" fromFastestLapSamePos="False">3D Gs</Input>
    <Input category="Engine, Transmission" name="Engine Load" fromFastestLapSamePos="False">Engine Load</Input>
    <Input category="Engine, Transmission" name="Engine Oil Pressure (psi)" fromFastestLapSamePos="False">Engine Oil Pressure (psi)</Input>
    <Input category="Engine, Transmission" name="Engine Oil Pressure (kPa)" fromFastestLapSamePos="False">Engine Oil Pressure (kPa)</Input>
    <Input category="Engine, Transmission" name="Fuel Laps Remaining" fromFastestLapSamePos="False">Fuel Laps Remaining</Input>
    <Input category="Engine, Transmission" name="Engine Oil Temperature (C)" fromFastestLapSamePos="False">Engine Oil Temperature (C)</Input>
    <Input category="Positional" name="Satellite Count" fromFastestLapSamePos="False">Satellite Count</Input>
  </Inputs>
</Gauge>