<Gauge version="3" x="0" y="0" readOnly="False" width="300" height="300" transparency="0.5" rotation="0" thumbnailBackgroundTransparency="1" thumbnailBackgroundRed="135" thumbnailBackgroundGreen="206" thumbnailBackgroundBlue="235">
  <Components>
    <AnimatedArc x="210" y="70" radius="35" loop="False" syncValueRangeWithParent="False" syncAngleRangeWithParent="False" autoMinValue="False" restrictMinValue="False" lowestMinValue="0" highestMinValue="100" minValue="0" autoMaxValue="False" restrictMaxValue="False" lowestMaxValue="10" highestMaxValue="1000000" maxValue="100" minAngle="-6" maxAngle="354" penWidth="30" transparency="1" red="255" green="255" blue="255">
      <Inputs>
        <Input name="Value">Transmission Oil Pressure (kPa)</Input>
      </Inputs>
    </AnimatedArc>
    <AnimatedArc x="210" y="210" radius="35" loop="False" syncValueRangeWithParent="False" syncAngleRangeWithParent="False" autoMinValue="False" restrictMinValue="False" lowestMinValue="0" highestMinValue="100" minValue="0" autoMaxValue="False" restrictMaxValue="False" lowestMaxValue="10" highestMaxValue="1000000" maxValue="100" minAngle="-6" maxAngle="354" penWidth="30" transparency="1" red="255" green="255" blue="255">
      <Inputs>
        <Input name="Value">Transmission Oil Pressure (psi)</Input>
      </Inputs>
    </AnimatedArc>
    <AnimatedArc x="70" y="70" radius="35" loop="False" syncValueRangeWithParent="False" syncAngleRangeWithParent="False" autoMinValue="False" restrictMinValue="False" lowestMinValue="0" highestMinValue="100" minValue="0" autoMaxValue="False" restrictMaxValue="False" lowestMaxValue="10" highestMaxValue="1000000" maxValue="100" minAngle="-6" maxAngle="354" penWidth="30" transparency="1" red="255" green="255" blue="255">
      <Inputs>
        <Input name="Value">Transmission Oil Temperature (C)</Input>
      </Inputs>
    </AnimatedArc>
    <AnimatedArc x="70" y="210" radius="35" loop="False" syncValueRangeWithParent="False" syncAngleRangeWithParent="False" autoMinValue="False" restrictMinValue="False" lowestMinValue="0" highestMinValue="100" minValue="0" autoMaxValue="False" restrictMaxValue="False" lowestMaxValue="10" highestMaxValue="1000000" maxValue="100" minAngle="-6" maxAngle="354" penWidth="30" transparency="1" red="255" green="255" blue="255">
      <Inputs>
        <Input name="Value">Transmission Oil Temperature (F)</Input>
      </Inputs>
    </AnimatedArc>
  </Components>
  <Inputs>
    <Input category="Engine, Transmission" name="Transmission Oil Pressure (kPa)" fromFastestLapSamePos="False">Transmission Oil Pressure (kPa)</Input>
    <Input category="Engine, Transmission" name="Transmission Oil Pressure (psi)" fromFastestLapSamePos="False">Transmission Oil Pressure (psi)</Input>
    <Input category="Engine, Transmission" name="Transmission Oil Temperature (C)" fromFastestLapSamePos="False">Transmission Oil Temperature (C)</Input>
    <Input category="Engine, Transmission" name="Transmission Oil Temperature (F)" fromFastestLapSamePos="False">Transmission Oil Temperature (F)</Input>
  </Inputs>
</Gauge>