<Gauge version="3" x="1.80502" y="447.5818" readOnly="False" width="202.8346" height="202.8346" transparency="1" rotation="0" thumbnailBackgroundTransparency="1" thumbnailBackgroundRed="135" thumbnailBackgroundGreen="206" thumbnailBackgroundBlue="235">
  <Components>
    <DynamicText x="57.28628" y="91.13736" displayType="Decimal" decimalPrecision="2" showPlus="False" restrictRange="False" restrictedMinValue="-3.40282346638529E+38" restrictedMaxValue="3.40282346638529E+38" convertFromGMT="True" fontRectWidth="77.25914" fontRectHeight="26.03924" fontFace="Courier New" fontSize="10.41569" fontBold="False" fontItalic="False" fontUnderline="False" fontDirection="horizontal" fontAlign="right" fontVAlign="center" fontTransparency="1" fontRed="255" fontGreen="255" fontBlue="255">
      <Inputs>
        <Input name="Value">Engine Load</Input>
      </Inputs>
    </DynamicText>
    <DynamicText x="108.5537" y="140.2472" displayType="Decimal" decimalPrecision="0" showPlus="False" restrictRange="False" restrictedMinValue="-3.40282346638529E+38" restrictedMaxValue="3.40282346638529E+38" convertFromGMT="True" fontRectWidth="101.736" fontRectHeight="38.62959" fontFace="Courier New" fontSize="27.08081" fontBold="False" fontItalic="False" fontUnderline="False" fontDirection="horizontal" fontAlign="left" fontVAlign="center" fontTransparency="1" fontRed="255" fontGreen="255" fontBlue="255">
      <Inputs>
        <Input name="Value">Manifold Pressure (kPa)</Input>
      </Inputs>
    </DynamicText>
    <Text x="119.9595" y="170.3783" text="VA" fontRectWidth="51.64921" fontRectHeight="23.17774" fontFace="Courier New" fontSize="10.41569" fontBold="False" fontItalic="False" fontUnderline="False" fontDirection="horizontal" fontAlign="left" fontVAlign="center" fontTransparency="1" fontRed="255" fontGreen="255" fontBlue="255" />
    <Needle x="104.1569" y="104.1569" length="78.1177" offset="41.66277" loop="False" syncValueRangeWithParent="False" syncAngleRangeWithParent="False" autoMinValue="False" restrictMinValue="False" lowestMinValue="0" highestMinValue="100" minValue="0" autoMaxValue="True" restrictMaxValue="True" lowestMaxValue="7" highestMaxValue="1000000" maxValue="45" minAngle="-270" maxAngle="15" penWidth="2.083139" transparency="0.6039216" red="231" green="11" blue="11">
      <Components>
        <AnimatedArc x="-2.739632" y="-2.739685" radius="86.02396" loop="False" syncValueRangeWithParent="True" syncAngleRangeWithParent="False" autoMinValue="False" restrictMinValue="False" lowestMinValue="0" highestMinValue="100" minValue="0" autoMaxValue="True" restrictMaxValue="True" lowestMaxValue="7" highestMaxValue="1000000" maxValue="45" minAngle="-270" maxAngle="15" penWidth="4.63555" transparency="0.7294118" red="2" green="149" blue="213">
          <Components>
            <AnalogFace x="-5.340576E-05" y="-7.629395E-06" arcRadius="91.79729" labelOffset="24.72294" syncValueRangeWithParent="True" syncAngleRangeWithParent="True" autoMinValue="False" restrictMinValue="False" lowestMinValue="0" highestMinValue="100" minValue="0" autoMaxValue="False" restrictMaxValue="False" lowestMaxValue="10" highestMaxValue="1000000" maxValue="45" minAngle="-270" maxAngle="15" arcPenWidth="0.7725914" arcTransparency="0" arcRed="255" arcGreen="255" arcBlue="255" minorTickUnit="50" minorTickLength="4.63555" minorTickPenWidth="0.7725914" minorTickTransparency="0" minorTickRed="255" minorTickGreen="255" minorTickBlue="255" majorTickUnit="200" majorTickLength="7.725915" majorTickPenWidth="2.317774" majorTickTransparency="1" majorTickRed="255" majorTickGreen="255" majorTickBlue="255" fontFace="FILE://proximanova-extrabold.ttf" fontSize="7.725915" fontBold="False" fontItalic="False" fontUnderline="False" fontDirection="horizontal" fontAlign="center" fontVAlign="center" fontTransparency="1" fontRed="255" fontGreen="255" fontBlue="255">
              <Components>
                <AnalogFace x="7.629395E-05" y="3.051758E-05" arcRadius="88.84808" labelOffset="24.72294" syncValueRangeWithParent="True" syncAngleRangeWithParent="True" autoMinValue="False" restrictMinValue="False" lowestMinValue="0" highestMinValue="100" minValue="0" autoMaxValue="False" restrictMaxValue="False" lowestMaxValue="10" highestMaxValue="1000000" maxValue="45" minAngle="-270" maxAngle="15" arcPenWidth="0.7725914" arcTransparency="0" arcRed="255" arcGreen="255" arcBlue="255" minorTickUnit="50" minorTickLength="4.63555" minorTickPenWidth="0.7725914" minorTickTransparency="1" minorTickRed="255" minorTickGreen="255" minorTickBlue="255" majorTickUnit="200" majorTickLength="7.725915" majorTickPenWidth="2.317774" majorTickTransparency="0" majorTickRed="255" majorTickGreen="255" majorTickBlue="255" fontFace="FILE://proximanova-extrabold.ttf" fontSize="7.725915" fontBold="False" fontItalic="False" fontUnderline="False" fontDirection="horizontal" fontAlign="center" fontVAlign="center" fontTransparency="0" fontRed="255" fontGreen="255" fontBlue="255">
                  <Components>
                    <ImageNeedle x="-3.814697E-05" y="7.629395E-06" transparency="1" width="21.92806" height="21.92806" src="dot_shadow.png" axisX="-75.28636" axisY="10.96404" loop="False" syncValueRangeWithParent="True" syncAngleRangeWithParent="True" autoMinValue="False" restrictMinValue="False" lowestMinValue="0" highestMinValue="100" minValue="0" autoMaxValue="False" restrictMaxValue="False" lowestMaxValue="10" highestMaxValue="1000000" maxValue="45" minAngle="-270" maxAngle="15">
                      <Components>
                        <ImageNeedle x="-1.525879E-05" y="1.525879E-05" transparency="1" width="12.79137" height="12.79137" src="dot.png" axisX="-79.48925" axisY="6.395684" loop="False" syncValueRangeWithParent="True" syncAngleRangeWithParent="True" autoMinValue="False" restrictMinValue="False" lowestMinValue="0" highestMinValue="100" minValue="0" autoMaxValue="False" restrictMaxValue="False" lowestMaxValue="10" highestMaxValue="1000000" maxValue="45" minAngle="-270" maxAngle="15">
                          <Inputs>
                            <Input name="Value">Manifold Pressure (kPa)</Input>
                          </Inputs>
                        </ImageNeedle>
                      </Components>
                      <Inputs>
                        <Input name="Value">Manifold Pressure (kPa)</Input>
                      </Inputs>
                    </ImageNeedle>
                    <ImageNeedle x="-6.103516E-05" y="1.525879E-05" transparency="1" width="12.79137" height="12.79137" src="dot.png" axisX="-79.48925" axisY="6.395684" loop="False" syncValueRangeWithParent="True" syncAngleRangeWithParent="True" autoMinValue="False" restrictMinValue="False" lowestMinValue="0" highestMinValue="100" minValue="0" autoMaxValue="False" restrictMaxValue="False" lowestMaxValue="10" highestMaxValue="1000000" maxValue="45" minAngle="-270" maxAngle="15">
                      <Inputs>
                        <Input name="Value">Manifold Pressure (kPa)</Input>
                      </Inputs>
                    </ImageNeedle>
                  </Components>
                  <Inputs>
                    <Input name="Value">Manifold Pressure (kPa)</Input>
                  </Inputs>
                </AnalogFace>
              </Components>
              <Inputs>
                <Input name="Value">Manifold Pressure (kPa)</Input>
              </Inputs>
            </AnalogFace>
          </Components>
          <Inputs>
            <Input name="Value">Manifold Pressure (kPa)</Input>
          </Inputs>
        </AnimatedArc>
      </Components>
      <Inputs>
        <Input name="Value">Engine Load</Input>
      </Inputs>
    </Needle>
    <Text x="132.8001" y="97.38672" text="VA" fontRectWidth="34.63691" fontRectHeight="15.53957" fontFace="Courier New" fontSize="6.772441" fontBold="False" fontItalic="False" fontUnderline="False" fontDirection="horizontal" fontAlign="left" fontVAlign="center" fontTransparency="1" fontRed="255" fontGreen="255" fontBlue="255" />
    <Text x="48.95374" y="97.38672" text="Max." fontRectWidth="34.63691" fontRectHeight="15.53957" fontFace="Courier New" fontSize="6.772441" fontBold="False" fontItalic="False" fontUnderline="False" fontDirection="horizontal" fontAlign="left" fontVAlign="center" fontTransparency="1" fontRed="255" fontGreen="255" fontBlue="255" />
  </Components>
  <Inputs>
    <Input category="Engine, Transmission" name="Manifold Pressure (kPa)" fromFastestLapSamePos="False">Manifold Pressure (kPa)</Input>
    <Input category="Engine, Transmission" name="Engine Load" fromFastestLapSamePos="False">Engine Load</Input>
  </Inputs>
</Gauge>