<Gauge version="3" x="0" y="0" readOnly="False" width="389.4788" height="389.4788" transparency="1" rotation="0" thumbnailBackgroundTransparency="1" thumbnailBackgroundRed="135" thumbnailBackgroundGreen="206" thumbnailBackgroundBlue="235">
  <Components>
    <DynamicText x="110" y="175" displayType="Decimal" decimalPrecision="2" showPlus="False" restrictRange="False" restrictedMinValue="-3.40282346638529E+38" restrictedMaxValue="3.40282346638529E+38" convertFromGMT="True" fontRectWidth="148.3514" fontRectHeight="50" fontFace="Courier New" fontSize="20" fontBold="False" fontItalic="False" fontUnderline="False" fontDirection="horizontal" fontAlign="right" fontVAlign="center" fontTransparency="1" fontRed="255" fontGreen="255" fontBlue="255">
      <Inputs>
        <Input name="Value">Fuel Laps Remaining</Input>
      </Inputs>
    </DynamicText>
    <DynamicText x="208.4426" y="269.2997" displayType="Decimal" decimalPrecision="0" showPlus="False" restrictRange="False" restrictedMinValue="-3.40282346638529E+38" restrictedMaxValue="3.40282346638529E+38" convertFromGMT="True" fontRectWidth="195.3514" fontRectHeight="74.17574" fontFace="Courier New" fontSize="52" fontBold="False" fontItalic="False" fontUnderline="False" fontDirection="horizontal" fontAlign="left" fontVAlign="center" fontTransparency="1" fontRed="255" fontGreen="255" fontBlue="255">
      <Inputs>
        <Input name="Value">Fuel Pressure (kPa)</Input>
      </Inputs>
    </DynamicText>
    <Text x="230.3438" y="327.1567" text="A" fontRectWidth="99.17574" fontRectHeight="44.50542" fontFace="Courier New" fontSize="20" fontBold="False" fontItalic="False" fontUnderline="False" fontDirection="horizontal" fontAlign="left" fontVAlign="center" fontTransparency="1" fontRed="255" fontGreen="255" fontBlue="255" />
    <Needle x="200" y="200" length="150" offset="80" loop="False" syncValueRangeWithParent="False" syncAngleRangeWithParent="False" autoMinValue="False" restrictMinValue="False" lowestMinValue="0" highestMinValue="100" minValue="0" autoMaxValue="True" restrictMaxValue="True" lowestMaxValue="7" highestMaxValue="1000000" maxValue="45" minAngle="-270" maxAngle="15" penWidth="4" transparency="0.6039216" red="231" green="11" blue="11">
      <Components>
        <AnimatedArc x="-5.260605" y="-5.260696" radius="165.1815" loop="False" syncValueRangeWithParent="True" syncAngleRangeWithParent="False" autoMinValue="False" restrictMinValue="False" lowestMinValue="0" highestMinValue="100" minValue="0" autoMaxValue="True" restrictMaxValue="True" lowestMaxValue="7" highestMaxValue="1000000" maxValue="45" minAngle="-270" maxAngle="15" penWidth="8.901088" transparency="0.7294118" red="2" green="149" blue="213">
          <Components>
            <AnalogFace x="0" y="0" arcRadius="176.2673" labelOffset="47.47248" syncValueRangeWithParent="True" syncAngleRangeWithParent="True" autoMinValue="False" restrictMinValue="False" lowestMinValue="0" highestMinValue="100" minValue="0" autoMaxValue="False" restrictMaxValue="False" lowestMaxValue="10" highestMaxValue="1000000" maxValue="45" minAngle="-270" maxAngle="15" arcPenWidth="1.483514" arcTransparency="0" arcRed="255" arcGreen="255" arcBlue="255" minorTickUnit="2" minorTickLength="8.901088" minorTickPenWidth="1.483514" minorTickTransparency="0" minorTickRed="255" minorTickGreen="255" minorTickBlue="255" majorTickUnit="10" majorTickLength="14.83514" majorTickPenWidth="4.450542" majorTickTransparency="1" majorTickRed="255" majorTickGreen="255" majorTickBlue="255" fontFace="FILE://proximanova-extrabold.ttf" fontSize="14.83514" fontBold="False" fontItalic="False" fontUnderline="False" fontDirection="horizontal" fontAlign="center" fontVAlign="center" fontTransparency="1" fontRed="255" fontGreen="255" fontBlue="255">
              <Components>
                <AnalogFace x="0" y="0" arcRadius="170.6042" labelOffset="47.47248" syncValueRangeWithParent="True" syncAngleRangeWithParent="True" autoMinValue="False" restrictMinValue="False" lowestMinValue="0" highestMinValue="100" minValue="0" autoMaxValue="False" restrictMaxValue="False" lowestMaxValue="10" highestMaxValue="1000000" maxValue="45" minAngle="-270" maxAngle="15" arcPenWidth="1.483514" arcTransparency="0" arcRed="255" arcGreen="255" arcBlue="255" minorTickUnit="2" minorTickLength="8.901088" minorTickPenWidth="1.483514" minorTickTransparency="1" minorTickRed="255" minorTickGreen="255" minorTickBlue="255" majorTickUnit="10" majorTickLength="14.83514" majorTickPenWidth="4.450542" majorTickTransparency="0" majorTickRed="255" majorTickGreen="255" majorTickBlue="255" fontFace="FILE://proximanova-extrabold.ttf" fontSize="14.83514" fontBold="False" fontItalic="False" fontUnderline="False" fontDirection="horizontal" fontAlign="center" fontVAlign="center" fontTransparency="0" fontRed="255" fontGreen="255" fontBlue="255">
                  <Components>
                    <ImageNeedle x="0" y="0" transparency="1" width="42.10581" height="42.10581" src="dot_shadow.png" axisX="-144.5633" axisY="21.05291" loop="False" syncValueRangeWithParent="True" syncAngleRangeWithParent="True" autoMinValue="False" restrictMinValue="False" lowestMinValue="0" highestMinValue="100" minValue="0" autoMaxValue="False" restrictMaxValue="False" lowestMaxValue="10" highestMaxValue="1000000" maxValue="45" minAngle="-270" maxAngle="15">
                      <Components>
                        <ImageNeedle x="0" y="0" transparency="1" width="24.56172" height="24.56172" src="dot.png" axisX="-152.6336" axisY="12.28086" loop="False" syncValueRangeWithParent="True" syncAngleRangeWithParent="True" autoMinValue="False" restrictMinValue="False" lowestMinValue="0" highestMinValue="100" minValue="0" autoMaxValue="False" restrictMaxValue="False" lowestMaxValue="10" highestMaxValue="1000000" maxValue="45" minAngle="-270" maxAngle="15">
                          <Inputs>
                            <Input name="Value">Fuel Pressure (kPa)</Input>
                          </Inputs>
                        </ImageNeedle>
                      </Components>
                      <Inputs>
                        <Input name="Value">Fuel Pressure (kPa)</Input>
                      </Inputs>
                    </ImageNeedle>
                    <ImageNeedle x="0" y="0" transparency="1" width="24.56172" height="24.56172" src="dot.png" axisX="-152.6336" axisY="12.28086" loop="False" syncValueRangeWithParent="True" syncAngleRangeWithParent="True" autoMinValue="False" restrictMinValue="False" lowestMinValue="0" highestMinValue="100" minValue="0" autoMaxValue="False" restrictMaxValue="False" lowestMaxValue="10" highestMaxValue="1000000" maxValue="45" minAngle="-270" maxAngle="15">
                      <Inputs>
                        <Input name="Value">Fuel Pressure (kPa)</Input>
                      </Inputs>
                    </ImageNeedle>
                  </Components>
                  <Inputs>
                    <Input name="Value">Fuel Pressure (kPa)</Input>
                  </Inputs>
                </AnalogFace>
              </Components>
              <Inputs>
                <Input name="Value">Fuel Pressure (kPa)</Input>
              </Inputs>
            </AnalogFace>
          </Components>
          <Inputs>
            <Input name="Value">Fuel Pressure (kPa)</Input>
          </Inputs>
        </AnimatedArc>
      </Components>
      <Inputs>
        <Input name="Value">Fuel Laps Remaining</Input>
      </Inputs>
    </Needle>
    <Text x="255" y="187" text="A" fontRectWidth="66.50907" fontRectHeight="29.83875" fontFace="Courier New" fontSize="13.0043" fontBold="False" fontItalic="False" fontUnderline="False" fontDirection="horizontal" fontAlign="left" fontVAlign="center" fontTransparency="1" fontRed="255" fontGreen="255" fontBlue="255" />
    <Text x="94" y="187" text="Max." fontRectWidth="66.50907" fontRectHeight="29.83875" fontFace="Courier New" fontSize="13.0043" fontBold="False" fontItalic="False" fontUnderline="False" fontDirection="horizontal" fontAlign="left" fontVAlign="center" fontTransparency="1" fontRed="255" fontGreen="255" fontBlue="255" />
  </Components>
  <Inputs>
    <Input category="Engine, Transmission" name="Fuel Pressure (kPa)" fromFastestLapSamePos="False">Fuel Pressure (kPa)</Input>
    <Input category="Engine, Transmission" name="Fuel Laps Remaining" fromFastestLapSamePos="False">Fuel Laps Remaining</Input>
  </Inputs>
</Gauge>