<Gauge version="3" x="0" y="0" readOnly="False" width="222.4396" height="225.7108" transparency="1" rotation="0" thumbnailBackgroundTransparency="1" thumbnailBackgroundRed="135" thumbnailBackgroundGreen="206" thumbnailBackgroundBlue="235">
  <Components>
    <AnalogFace x="106.313" y="106.313" arcRadius="93" labelOffset="27" syncValueRangeWithParent="False" syncAngleRangeWithParent="False" autoMinValue="False" restrictMinValue="False" lowestMinValue="0" highestMinValue="100" minValue="-180" autoMaxValue="False" restrictMaxValue="False" lowestMaxValue="10" highestMaxValue="1000000" maxValue="179" minAngle="0" maxAngle="360" arcPenWidth="3.5" arcTransparency="1" arcRed="255" arcGreen="255" arcBlue="255" minorTickUnit="15" minorTickLength="9" minorTickPenWidth="1" minorTickTransparency="1" minorTickRed="255" minorTickGreen="255" minorTickBlue="255" majorTickUnit="0" majorTickLength="9" majorTickPenWidth="3" majorTickTransparency="1" majorTickRed="255" majorTickGreen="255" majorTickBlue="255" fontFace="Arial" fontSize="13" fontBold="True" fontItalic="False" fontUnderline="False" fontDirection="horizontal" fontAlign="center" fontVAlign="center" fontTransparency="1" fontRed="255" fontGreen="255" fontBlue="255">
      <Components>
        <Needle x="0" y="0" length="84" offset="0" loop="False" syncValueRangeWithParent="True" syncAngleRangeWithParent="True" autoMinValue="False" restrictMinValue="False" lowestMinValue="0" highestMinValue="100" minValue="-180" autoMaxValue="False" restrictMaxValue="False" lowestMaxValue="10" highestMaxValue="1000000" maxValue="179" minAngle="0" maxAngle="360" penWidth="2" transparency="1" red="255" green="0" blue="0">
          <Components>
            <ImageNeedle x="0" y="0" transparency="0.5" width="170" height="85" src="Hor123 (2).png" axisX="85" axisY="84" loop="False" syncValueRangeWithParent="True" syncAngleRangeWithParent="True" autoMinValue="False" restrictMinValue="False" lowestMinValue="0" highestMinValue="100" minValue="-180" autoMaxValue="False" restrictMaxValue="False" lowestMaxValue="10" highestMaxValue="1000000" maxValue="179" minAngle="0" maxAngle="360">
              <Inputs>
                <Input name="Value">Roll</Input>
              </Inputs>
            </ImageNeedle>
          </Components>
          <Inputs>
            <Input name="Value">Roll</Input>
          </Inputs>
        </Needle>
        <Needle x="0" y="0" length="0" offset="-84" loop="False" syncValueRangeWithParent="True" syncAngleRangeWithParent="True" autoMinValue="False" restrictMinValue="False" lowestMinValue="0" highestMinValue="100" minValue="-180" autoMaxValue="False" restrictMaxValue="False" lowestMaxValue="10" highestMaxValue="1000000" maxValue="179" minAngle="0" maxAngle="360" penWidth="2" transparency="1" red="0" green="70" blue="255">
          <Inputs>
            <Input name="Value">Roll</Input>
          </Inputs>
        </Needle>
      </Components>
      <Inputs>
        <Input name="Value">Roll</Input>
      </Inputs>
    </AnalogFace>
  </Components>
  <Inputs>
    <Input category="Positional" name="Roll" fromFastestLapSamePos="False">Roll</Input>
  </Inputs>
</Gauge>