<Gauge version="3" x="13.9" y="568.2383" readOnly="False" width="207.8445" height="207.8445" transparency="1" rotation="0" thumbnailBackgroundTransparency="1" thumbnailBackgroundRed="135" thumbnailBackgroundGreen="206" thumbnailBackgroundBlue="235">
  <Components>
    <DynamicText x="58.9184" y="93.7338" displayType="Decimal" decimalPrecision="2" showPlus="False" restrictRange="False" restrictedMinValue="-3.40282346638529E+38" restrictedMaxValue="3.40282346638529E+38" convertFromGMT="True" fontRectWidth="79.46024" fontRectHeight="26.78109" fontFace="Courier New" fontSize="10.71243" fontBold="False" fontItalic="False" fontUnderline="False" fontDirection="horizontal" fontAlign="right" fontVAlign="center" fontTransparency="1" fontRed="255" fontGreen="255" fontBlue="255">
      <Inputs>
        <Input name="Value">3D Gs</Input>
      </Inputs>
    </DynamicText>
    <DynamicText x="113.7889" y="144.2428" displayType="Decimal" decimalPrecision="2" showPlus="False" restrictRange="False" restrictedMinValue="-3.40282346638529E+38" restrictedMaxValue="3.40282346638529E+38" convertFromGMT="True" fontRectWidth="99.81386" fontRectHeight="39.73014" fontFace="Courier New" fontSize="27.85233" fontBold="False" fontItalic="False" fontUnderline="False" fontDirection="horizontal" fontAlign="left" fontVAlign="center" fontTransparency="1" fontRed="255" fontGreen="255" fontBlue="255">
      <Inputs>
        <Input name="Value">Acceleration Gs</Input>
      </Inputs>
    </DynamicText>
    <Text x="123.3772" y="175.2323" text="g" fontRectWidth="53.12069" fontRectHeight="23.83808" fontFace="Courier New" fontSize="10.71243" fontBold="False" fontItalic="False" fontUnderline="False" fontDirection="horizontal" fontAlign="left" fontVAlign="center" fontTransparency="1" fontRed="255" fontGreen="255" fontBlue="255" />
    <AnimatedArc x="104.3066" y="104.3067" radius="88.47482" loop="False" syncValueRangeWithParent="False" syncAngleRangeWithParent="False" autoMinValue="False" restrictMinValue="False" lowestMinValue="0" highestMinValue="100" minValue="0" autoMaxValue="True" restrictMaxValue="True" lowestMaxValue="7" highestMaxValue="1000000" maxValue="45" minAngle="-270" maxAngle="15" penWidth="4.767617" transparency="0.7294118" red="2" green="149" blue="213">
      <Components>
        <AnalogFace x="0" y="3.051758E-05" arcRadius="94.41264" labelOffset="25.42729" syncValueRangeWithParent="True" syncAngleRangeWithParent="True" autoMinValue="False" restrictMinValue="False" lowestMinValue="0" highestMinValue="100" minValue="0" autoMaxValue="False" restrictMaxValue="False" lowestMaxValue="10" highestMaxValue="1000000" maxValue="45" minAngle="-270" maxAngle="15" arcPenWidth="0.7946023" arcTransparency="0" arcRed="255" arcGreen="255" arcBlue="255" minorTickUnit="0.2" minorTickLength="4.767617" minorTickPenWidth="0.7946023" minorTickTransparency="0" minorTickRed="255" minorTickGreen="255" minorTickBlue="255" majorTickUnit="1" majorTickLength="7.946023" majorTickPenWidth="2.383808" majorTickTransparency="1" majorTickRed="255" majorTickGreen="255" majorTickBlue="255" fontFace="FILE://proximanova-extrabold.ttf" fontSize="7.946023" fontBold="False" fontItalic="False" fontUnderline="False" fontDirection="horizontal" fontAlign="center" fontVAlign="center" fontTransparency="1" fontRed="255" fontGreen="255" fontBlue="255">
          <Components>
            <AnalogFace x="0" y="-1.525879E-05" arcRadius="91.3793" labelOffset="25.42729" syncValueRangeWithParent="True" syncAngleRangeWithParent="True" autoMinValue="False" restrictMinValue="False" lowestMinValue="0" highestMinValue="100" minValue="0" autoMaxValue="False" restrictMaxValue="False" lowestMaxValue="10" highestMaxValue="1000000" maxValue="45" minAngle="-270" maxAngle="15" arcPenWidth="0.7946023" arcTransparency="0" arcRed="255" arcGreen="255" arcBlue="255" minorTickUnit="0.2" minorTickLength="4.767617" minorTickPenWidth="0.7946023" minorTickTransparency="1" minorTickRed="255" minorTickGreen="255" minorTickBlue="255" majorTickUnit="1" majorTickLength="7.946023" majorTickPenWidth="2.383808" majorTickTransparency="0" majorTickRed="255" majorTickGreen="255" majorTickBlue="255" fontFace="FILE://proximanova-extrabold.ttf" fontSize="7.946023" fontBold="False" fontItalic="False" fontUnderline="False" fontDirection="horizontal" fontAlign="center" fontVAlign="center" fontTransparency="0" fontRed="255" fontGreen="255" fontBlue="255">
              <Components>
                <ImageNeedle x="0" y="7.629395E-06" transparency="1" width="22.55279" height="22.55279" src="dot_shadow.png" axisX="-77.43123" axisY="11.2764" loop="False" syncValueRangeWithParent="True" syncAngleRangeWithParent="True" autoMinValue="False" restrictMinValue="False" lowestMinValue="0" highestMinValue="100" minValue="0" autoMaxValue="False" restrictMaxValue="False" lowestMaxValue="10" highestMaxValue="1000000" maxValue="45" minAngle="-270" maxAngle="15">
                  <Components>
                    <ImageNeedle x="0" y="2.288818E-05" transparency="1" width="13.15579" height="13.15579" src="dot.png" axisX="-81.75387" axisY="6.577897" loop="False" syncValueRangeWithParent="True" syncAngleRangeWithParent="True" autoMinValue="False" restrictMinValue="False" lowestMinValue="0" highestMinValue="100" minValue="0" autoMaxValue="False" restrictMaxValue="False" lowestMaxValue="10" highestMaxValue="1000000" maxValue="45" minAngle="-270" maxAngle="15">
                      <Inputs>
                        <Input name="Value">Acceleration Gs</Input>
                      </Inputs>
                    </ImageNeedle>
                  </Components>
                  <Inputs>
                    <Input name="Value">Acceleration Gs</Input>
                  </Inputs>
                </ImageNeedle>
                <ImageNeedle x="0" y="2.288818E-05" transparency="1" width="13.15579" height="13.15579" src="dot.png" axisX="-81.75387" axisY="6.577897" loop="False" syncValueRangeWithParent="True" syncAngleRangeWithParent="True" autoMinValue="False" restrictMinValue="False" lowestMinValue="0" highestMinValue="100" minValue="0" autoMaxValue="False" restrictMaxValue="False" lowestMaxValue="10" highestMaxValue="1000000" maxValue="45" minAngle="-270" maxAngle="15">
                  <Inputs>
                    <Input name="Value">Acceleration Gs</Input>
                  </Inputs>
                </ImageNeedle>
              </Components>
              <Inputs>
                <Input name="Value">Acceleration Gs</Input>
              </Inputs>
            </AnalogFace>
          </Components>
          <Inputs>
            <Input name="Value">Acceleration Gs</Input>
          </Inputs>
        </AnalogFace>
      </Components>
      <Inputs>
        <Input name="Value">Acceleration Gs</Input>
      </Inputs>
    </AnimatedArc>
    <Needle x="107.1244" y="107.1244" length="80.34328" offset="42.84974" loop="False" syncValueRangeWithParent="False" syncAngleRangeWithParent="False" autoMinValue="False" restrictMinValue="False" lowestMinValue="0" highestMinValue="100" minValue="0" autoMaxValue="True" restrictMaxValue="True" lowestMaxValue="7" highestMaxValue="1000000" maxValue="100" minAngle="-270" maxAngle="15" penWidth="2.142488" transparency="0.6039216" red="231" green="11" blue="11">
      <Inputs>
        <Input name="Value">3D Gs</Input>
      </Inputs>
    </Needle>
    <Text x="136.5836" y="100.1613" text="g" fontRectWidth="35.62371" fontRectHeight="15.98229" fontFace="Courier New" fontSize="6.965387" fontBold="False" fontItalic="False" fontUnderline="False" fontDirection="horizontal" fontAlign="left" fontVAlign="center" fontTransparency="1" fontRed="255" fontGreen="255" fontBlue="255" />
    <Text x="55.16904" y="100.1613" text="Max." fontRectWidth="35.62371" fontRectHeight="15.98229" fontFace="Courier New" fontSize="6.965387" fontBold="False" fontItalic="False" fontUnderline="False" fontDirection="horizontal" fontAlign="left" fontVAlign="center" fontTransparency="1" fontRed="255" fontGreen="255" fontBlue="255" />
  </Components>
  <Inputs>
    <Input category="G-Forces" name="Acceleration Gs" fromFastestLapSamePos="False">Acceleration Gs</Input>
    <Input category="G-Forces" name="3D Gs" fromFastestLapSamePos="False">3D Gs</Input>
  </Inputs>
</Gauge>