<Gauge version="3" x="-0.9743986" y="4.226836" readOnly="False" width="231.3297" height="234.7316" transparency="1" rotation="0" thumbnailBackgroundTransparency="1" thumbnailBackgroundRed="135" thumbnailBackgroundGreen="206" thumbnailBackgroundBlue="235">
  <Components>
    <AnalogFace x="110.5619" y="110.5619" arcRadius="96.71684" labelOffset="28.07909" syncValueRangeWithParent="False" syncAngleRangeWithParent="False" autoMinValue="False" restrictMinValue="False" lowestMinValue="0" highestMinValue="100" minValue="-180" autoMaxValue="False" restrictMaxValue="False" lowestMaxValue="10" highestMaxValue="1000000" maxValue="179" minAngle="0" maxAngle="360" arcPenWidth="3.639881" arcTransparency="1" arcRed="255" arcGreen="255" arcBlue="255" minorTickUnit="15" minorTickLength="9.359694" minorTickPenWidth="1.039966" minorTickTransparency="1" minorTickRed="255" minorTickGreen="255" minorTickBlue="255" majorTickUnit="0" majorTickLength="9.359694" majorTickPenWidth="3.119898" majorTickTransparency="1" majorTickRed="255" majorTickGreen="255" majorTickBlue="255" fontFace="Arial" fontSize="13.51956" fontBold="True" fontItalic="False" fontUnderline="False" fontDirection="horizontal" fontAlign="center" fontVAlign="center" fontTransparency="1" fontRed="255" fontGreen="255" fontBlue="255">
      <Components>
        <Needle x="-1.525879E-05" y="-1.525879E-05" length="87.35715" offset="1.017377E-06" loop="False" syncValueRangeWithParent="True" syncAngleRangeWithParent="True" autoMinValue="False" restrictMinValue="False" lowestMinValue="0" highestMinValue="100" minValue="-180" autoMaxValue="False" restrictMaxValue="False" lowestMaxValue="10" highestMaxValue="1000000" maxValue="179" minAngle="0" maxAngle="360" penWidth="2.079932" transparency="1" red="255" green="0" blue="0">
          <Components>
            <ImageNeedle x="0" y="0" transparency="0.5" width="176.7942" height="88.39711" src="Hor123 (2).png" axisX="88.39711" axisY="87.35715" loop="False" syncValueRangeWithParent="True" syncAngleRangeWithParent="True" autoMinValue="False" restrictMinValue="False" lowestMinValue="0" highestMinValue="100" minValue="-180" autoMaxValue="False" restrictMaxValue="False" lowestMaxValue="10" highestMaxValue="1000000" maxValue="179" minAngle="0" maxAngle="360">
              <Inputs>
                <Input name="Value">Roll</Input>
              </Inputs>
            </ImageNeedle>
          </Components>
          <Inputs>
            <Input name="Value">Roll</Input>
          </Inputs>
        </Needle>
        <Needle x="-6.612018E-06" y="1.017377E-06" length="1.017377E-06" offset="-87.35715" loop="False" syncValueRangeWithParent="True" syncAngleRangeWithParent="True" autoMinValue="False" restrictMinValue="False" lowestMinValue="0" highestMinValue="100" minValue="-180" autoMaxValue="False" restrictMaxValue="False" lowestMaxValue="10" highestMaxValue="1000000" maxValue="179" minAngle="0" maxAngle="360" penWidth="2.079932" transparency="1" red="0" green="70" blue="255">
          <Inputs>
            <Input name="Value">Roll</Input>
          </Inputs>
        </Needle>
      </Components>
      <Inputs>
        <Input name="Value">Roll</Input>
      </Inputs>
    </AnalogFace>
  </Components>
  <Inputs>
    <Input category="Positional" name="Roll" fromFastestLapSamePos="False">Roll</Input>
  </Inputs>
</Gauge>