<Gauge version="3" x="0.8294158" y="253.4186" readOnly="False" width="203.1353" height="203.1353" transparency="1" rotation="0" thumbnailBackgroundTransparency="1" thumbnailBackgroundRed="135" thumbnailBackgroundGreen="206" thumbnailBackgroundBlue="235">
  <Components>
    <DynamicText x="57.37123" y="91.2724" displayType="Decimal" decimalPrecision="2" showPlus="False" restrictRange="False" restrictedMinValue="-3.40282346638529E+38" restrictedMaxValue="3.40282346638529E+38" convertFromGMT="True" fontRectWidth="77.37366" fontRectHeight="26.07784" fontFace="Courier New" fontSize="10.43113" fontBold="False" fontItalic="False" fontUnderline="False" fontDirection="horizontal" fontAlign="right" fontVAlign="center" fontTransparency="1" fontRed="255" fontGreen="255" fontBlue="255">
      <Inputs>
        <Input name="Value">Fuel Laps Remaining</Input>
      </Inputs>
    </DynamicText>
    <DynamicText x="108.7146" y="140.4551" displayType="Decimal" decimalPrecision="0" showPlus="False" restrictRange="False" restrictedMinValue="-3.40282346638529E+38" restrictedMaxValue="3.40282346638529E+38" convertFromGMT="True" fontRectWidth="101.8868" fontRectHeight="38.68686" fontFace="Courier New" fontSize="27.12095" fontBold="False" fontItalic="False" fontUnderline="False" fontDirection="horizontal" fontAlign="left" fontVAlign="center" fontTransparency="1" fontRed="255" fontGreen="255" fontBlue="255">
      <Inputs>
        <Input name="Value">Fuel Pressure (kPa)</Input>
      </Inputs>
    </DynamicText>
    <Text x="120.1374" y="170.6308" text="A" fontRectWidth="51.72577" fontRectHeight="23.2121" fontFace="Courier New" fontSize="10.43113" fontBold="False" fontItalic="False" fontUnderline="False" fontDirection="horizontal" fontAlign="left" fontVAlign="center" fontTransparency="1" fontRed="255" fontGreen="255" fontBlue="255" />
    <Needle x="104.3113" y="104.3113" length="78.23351" offset="41.72453" loop="False" syncValueRangeWithParent="False" syncAngleRangeWithParent="False" autoMinValue="False" restrictMinValue="False" lowestMinValue="0" highestMinValue="100" minValue="0" autoMaxValue="True" restrictMaxValue="True" lowestMaxValue="7" highestMaxValue="1000000" maxValue="45" minAngle="-270" maxAngle="15" penWidth="2.086227" transparency="0.6039216" red="231" green="11" blue="11">
      <Components>
        <AnimatedArc x="-2.743706" y="-2.743767" radius="86.15153" loop="False" syncValueRangeWithParent="True" syncAngleRangeWithParent="False" autoMinValue="False" restrictMinValue="False" lowestMinValue="0" highestMinValue="100" minValue="0" autoMaxValue="True" restrictMaxValue="True" lowestMaxValue="7" highestMaxValue="1000000" maxValue="45" minAngle="-270" maxAngle="15" penWidth="4.642422" transparency="0.7294118" red="2" green="149" blue="213">
          <Components>
            <AnalogFace x="-7.629395E-06" y="-2.288818E-05" arcRadius="91.9334" labelOffset="24.75959" syncValueRangeWithParent="True" syncAngleRangeWithParent="True" autoMinValue="False" restrictMinValue="False" lowestMinValue="0" highestMinValue="100" minValue="0" autoMaxValue="False" restrictMaxValue="False" lowestMaxValue="10" highestMaxValue="1000000" maxValue="45" minAngle="-270" maxAngle="15" arcPenWidth="0.7737367" arcTransparency="0" arcRed="255" arcGreen="255" arcBlue="255" minorTickUnit="2" minorTickLength="4.642422" minorTickPenWidth="0.7737367" minorTickTransparency="0" minorTickRed="255" minorTickGreen="255" minorTickBlue="255" majorTickUnit="10" majorTickLength="7.737367" majorTickPenWidth="2.32121" majorTickTransparency="1" majorTickRed="255" majorTickGreen="255" majorTickBlue="255" fontFace="FILE://proximanova-extrabold.ttf" fontSize="7.737367" fontBold="False" fontItalic="False" fontUnderline="False" fontDirection="horizontal" fontAlign="center" fontVAlign="center" fontTransparency="1" fontRed="255" fontGreen="255" fontBlue="255">
              <Components>
                <AnalogFace x="0" y="2.288818E-05" arcRadius="88.97977" labelOffset="24.75959" syncValueRangeWithParent="True" syncAngleRangeWithParent="True" autoMinValue="False" restrictMinValue="False" lowestMinValue="0" highestMinValue="100" minValue="0" autoMaxValue="False" restrictMaxValue="False" lowestMaxValue="10" highestMaxValue="1000000" maxValue="45" minAngle="-270" maxAngle="15" arcPenWidth="0.7737367" arcTransparency="0" arcRed="255" arcGreen="255" arcBlue="255" minorTickUnit="2" minorTickLength="4.642422" minorTickPenWidth="0.7737367" minorTickTransparency="1" minorTickRed="255" minorTickGreen="255" minorTickBlue="255" majorTickUnit="10" majorTickLength="7.737367" majorTickPenWidth="2.32121" majorTickTransparency="0" majorTickRed="255" majorTickGreen="255" majorTickBlue="255" fontFace="FILE://proximanova-extrabold.ttf" fontSize="7.737367" fontBold="False" fontItalic="False" fontUnderline="False" fontDirection="horizontal" fontAlign="center" fontVAlign="center" fontTransparency="0" fontRed="255" fontGreen="255" fontBlue="255">
                  <Components>
                    <ImageNeedle x="-7.629395E-06" y="3.814697E-05" transparency="1" width="21.96057" height="21.96057" src="dot_shadow.png" axisX="-75.39796" axisY="10.98029" loop="False" syncValueRangeWithParent="True" syncAngleRangeWithParent="True" autoMinValue="False" restrictMinValue="False" lowestMinValue="0" highestMinValue="100" minValue="0" autoMaxValue="False" restrictMaxValue="False" lowestMaxValue="10" highestMaxValue="1000000" maxValue="45" minAngle="-270" maxAngle="15">
                      <Components>
                        <ImageNeedle x="7.629395E-06" y="-3.814697E-05" transparency="1" width="12.81033" height="12.81033" src="dot.png" axisX="-79.60709" axisY="6.405165" loop="False" syncValueRangeWithParent="True" syncAngleRangeWithParent="True" autoMinValue="False" restrictMinValue="False" lowestMinValue="0" highestMinValue="100" minValue="0" autoMaxValue="False" restrictMaxValue="False" lowestMaxValue="10" highestMaxValue="1000000" maxValue="45" minAngle="-270" maxAngle="15">
                          <Inputs>
                            <Input name="Value">Fuel Pressure (kPa)</Input>
                          </Inputs>
                        </ImageNeedle>
                      </Components>
                      <Inputs>
                        <Input name="Value">Fuel Pressure (kPa)</Input>
                      </Inputs>
                    </ImageNeedle>
                    <ImageNeedle x="0" y="2.288818E-05" transparency="1" width="12.81033" height="12.81033" src="dot.png" axisX="-79.60709" axisY="6.405165" loop="False" syncValueRangeWithParent="True" syncAngleRangeWithParent="True" autoMinValue="False" restrictMinValue="False" lowestMinValue="0" highestMinValue="100" minValue="0" autoMaxValue="False" restrictMaxValue="False" lowestMaxValue="10" highestMaxValue="1000000" maxValue="45" minAngle="-270" maxAngle="15">
                      <Inputs>
                        <Input name="Value">Fuel Pressure (kPa)</Input>
                      </Inputs>
                    </ImageNeedle>
                  </Components>
                  <Inputs>
                    <Input name="Value">Fuel Pressure (kPa)</Input>
                  </Inputs>
                </AnalogFace>
              </Components>
              <Inputs>
                <Input name="Value">Fuel Pressure (kPa)</Input>
              </Inputs>
            </AnalogFace>
          </Components>
          <Inputs>
            <Input name="Value">Fuel Pressure (kPa)</Input>
          </Inputs>
        </AnimatedArc>
      </Components>
      <Inputs>
        <Input name="Value">Fuel Laps Remaining</Input>
      </Inputs>
    </Needle>
    <Text x="132.997" y="97.53107" text="A" fontRectWidth="34.68825" fontRectHeight="15.5626" fontFace="Courier New" fontSize="6.78248" fontBold="False" fontItalic="False" fontUnderline="False" fontDirection="horizontal" fontAlign="left" fontVAlign="center" fontTransparency="1" fontRed="255" fontGreen="255" fontBlue="255" />
    <Text x="49.02633" y="97.53107" text="Max." fontRectWidth="34.68825" fontRectHeight="15.5626" fontFace="Courier New" fontSize="6.78248" fontBold="False" fontItalic="False" fontUnderline="False" fontDirection="horizontal" fontAlign="left" fontVAlign="center" fontTransparency="1" fontRed="255" fontGreen="255" fontBlue="255" />
  </Components>
  <Inputs>
    <Input category="Engine, Transmission" name="Fuel Pressure (kPa)" fromFastestLapSamePos="False">Fuel Pressure (kPa)</Input>
    <Input category="Engine, Transmission" name="Fuel Laps Remaining" fromFastestLapSamePos="False">Fuel Laps Remaining</Input>
  </Inputs>
</Gauge>